<?xml version="1.0" encoding="UTF-8"?>
<project-private xmlns="http://www.netbeans.org/ns/project-private/1">
    <editor-bookmarks xmlns="http://www.netbeans.org/ns/editor-bookmarks/2" lastBookmarkId="0"/>
    <open-files xmlns="http://www.netbeans.org/ns/projectui-open-files/2">
        <group>
            <file>file:/C:/Users/jy6282/Documents/GitHub/apm0008865-att-tvi-8133-nprd-source/TVICore/src/tvicore/dao/Oracle.java</file>
            <file>file:/C:/Users/jy6282/Documents/GitHub/apm0008865-att-tvi-8133-nprd-source/TVICore/src/tvicore/reports/ExcelReports.java</file>
        </group>
    </open-files>
</project-private>
